"","id.exposure","id.outcome","outcome","exposure","method","nsnp","b","se","pval","lo_ci","up_ci","or","or_lci95","or_uci95"
"1","K85KuF","RtsVCl","AD_sumstats_Jansenetal_2019sept.txt.gz","E4_DM2_STRICT.gz","Inverse variance weighted",41,-0.000803405687102391,0.00541117157905281,0.881970541315322,-0.0114093019820459,0.00980249060784111,0.999196916956836,0.988655537279302,1.00985069238933
"2","K85KuF","RtsVCl","AD_sumstats_Jansenetal_2019sept.txt.gz","E4_DM2_STRICT.gz","MR Egger",41,-0.00747094744833007,0.0161605920257556,0.646439216649424,-0.039145707818811,0.0242038129221509,0.992556890710611,0.961610584757155,1.02449910276925
"3","K85KuF","RtsVCl","AD_sumstats_Jansenetal_2019sept.txt.gz","E4_DM2_STRICT.gz","SIMEX",41,-0.00876374538741444,0.0188985834755527,NA,-0.0458049689994978,0.0282774782246689,0.99127454429388,0.955228243144812,1.02868108142409
"4","K85KuF","RtsVCl","AD_sumstats_Jansenetal_2019sept.txt.gz","E4_DM2_STRICT.gz","Inverse variance weighted",49,9.15867697150366e-05,0.00483849548394,0.98489792825244,-0.00939186437880736,0.00957503791823743,1.00009159096391,0.990652101431481,1.00962102525344
"5","K85KuF","RtsVCl","AD_sumstats_Jansenetal_2019sept.txt.gz","E4_DM2_STRICT.gz","MR Egger",49,-0.0127741224017841,0.0139570977830534,0.364736618376861,-0.0401300340565688,0.0145817892530005,0.987307120396696,0.960664511926615,1.01468862218206
"6","K85KuF","RtsVCl","AD_sumstats_Jansenetal_2019sept.txt.gz","E4_DM2_STRICT.gz","SIMEX",49,-0.0156758981009739,0.0164036681180223,NA,-0.0478270876122976,0.0164752914103498,0.984446329281554,0.953298609965977,1.01661175743298
"7","K85KuF","RtsVCl","AD_sumstats_Jansenetal_2019sept.txt.gz","E4_DM2_STRICT.gz","Inverse variance weighted",57,-0.000620989148792822,0.00429072147257835,0.884925334554581,-0.0090308032350464,0.00778882493746075,0.999379203625063,0.99100985199332,1.00781923674054
"8","K85KuF","RtsVCl","AD_sumstats_Jansenetal_2019sept.txt.gz","E4_DM2_STRICT.gz","MR Egger",57,-0.0172824969094031,0.0129007835826962,0.185869412358839,-0.0425680327314875,0.00800303891268139,0.982865988808454,0.958325265817628,1.00803514883042
"9","K85KuF","RtsVCl","AD_sumstats_Jansenetal_2019sept.txt.gz","E4_DM2_STRICT.gz","SIMEX",57,-0.0222967680365872,0.0149324631886465,NA,-0.0515643958863343,0.00697085981315988,0.977949967690511,0.949742488483612,1.00699521281065
